NODE_1_length_29907_cov_150.822528,QUA25972.1,100.000,4401,0,0,29637,16435,1,4401,0.0,8699,100.00,-1,0
NODE_1_length_29907_cov_150.822528,QUA25972.1,99.804,1023,2,0,14266,11198,5125,6147,0.0,2153,99.80,-3,0
NODE_1_length_29907_cov_150.822528,QUA25972.1,99.846,649,1,0,10297,8351,6448,7096,0.0,1344,99.85,-3,0
NODE_1_length_29907_cov_150.822528,QUA25972.1,99.223,386,3,0,16441,15284,4400,4785,0.0,820,99.22,-3,0
NODE_1_length_29907_cov_150.822528,QUA34400.1,100.000,4401,0,0,29637,16435,1,4401,0.0,8695,100.00,-1,0
NODE_1_length_29907_cov_150.822528,QUA34400.1,99.902,1016,1,0,14266,11219,5125,6140,0.0,2140,99.90,-3,0
NODE_1_length_29907_cov_150.822528,QUA34400.1,100.000,649,0,0,10297,8351,6448,7096,0.0,1345,100.00,-3,0
NODE_1_length_29907_cov_150.822528,QUA34400.1,99.223,386,3,0,16441,15284,4400,4785,0.0,820,99.22,-3,0
NODE_1_length_29907_cov_150.822528,QTC98391.1,99.955,4401,2,0,29637,16435,1,4401,0.0,8694,99.95,-1,0
NODE_1_length_29907_cov_150.822528,QTC98391.1,99.902,1016,1,0,14266,11219,5125,6140,0.0,2142,100.00,-3,0
NODE_1_length_29907_cov_150.822528,QTC98391.1,100.000,649,0,0,10297,8351,6448,7096,0.0,1345,100.00,-3,0
NODE_1_length_29907_cov_150.822528,QTC98391.1,98.964,386,4,0,16441,15284,4400,4785,0.0,817,98.96,-3,0
NODE_1_length_29907_cov_150.822528,QRX53409.1,99.955,4401,2,0,29637,16435,1,4401,0.0,8692,99.98,-1,0
NODE_1_length_29907_cov_150.822528,QRX53409.1,99.902,1016,1,0,14266,11219,5125,6140,0.0,2138,99.90,-3,0
NODE_1_length_29907_cov_150.822528,QRX53409.1,99.846,649,1,0,10297,8351,6448,7096,0.0,1342,99.85,-3,0
NODE_1_length_29907_cov_150.822528,QRX53409.1,99.223,386,3,0,16441,15284,4400,4785,0.0,819,99.22,-3,0
NODE_1_length_29907_cov_150.822528,WCZ71818.1,100.000,4401,0,0,29637,16435,1,4401,0.0,8690,100.00,-1,0
NODE_1_length_29907_cov_150.822528,WCZ71818.1,99.778,2697,6,0,16441,8351,4400,7096,0.0,5666,99.81,-3,0
NODE_1_length_29907_cov_150.822528,XYI09171.1,99.955,4401,2,0,29637,16435,1,4401,0.0,8690,99.95,-1,0
NODE_1_length_29907_cov_150.822528,XYI09171.1,99.852,2697,4,0,16441,8351,4400,7096,0.0,5673,99.85,-3,0
NODE_1_length_29907_cov_150.822528,XYI08885.1,99.955,4401,2,0,29637,16435,1,4401,0.0,8689,99.95,-1,0
NODE_1_length_29907_cov_150.822528,XYI08885.1,99.889,2697,3,0,16441,8351,4400,7096,0.0,5675,99.89,-3,0
NODE_1_length_29907_cov_150.822528,XYI14189.1,99.977,4401,1,0,29637,16435,1,4401,0.0,8689,99.98,-1,0
NODE_1_length_29907_cov_150.822528,XYI14189.1,99.852,2697,4,0,16441,8351,4400,7096,0.0,5672,99.85,-3,0
NODE_1_length_29907_cov_150.822528,XYI14824.1,99.955,4401,2,0,29637,16435,1,4401,0.0,8689,99.95,-1,0
NODE_1_length_29907_cov_150.822528,XYI14824.1,99.815,2697,5,0,16441,8351,4400,7096,0.0,5670,99.81,-3,0
NODE_1_length_29907_cov_150.822528,XYI11079.1,99.955,4401,2,0,29637,16435,1,4401,0.0,8689,99.95,-1,0
NODE_1_length_29907_cov_150.822528,XYI11079.1,99.852,2697,4,0,16441,8351,4400,7096,0.0,5673,99.85,-3,0
NODE_2_length_8134_cov_6.182822,WP_207236522.1,55.344,262,107,1,6640,5885,1,262,3.79e-86,290,71.76,-1,0
NODE_2_length_8134_cov_6.182822,XOR25234.1,56.274,263,105,1,6640,5882,1,263,2.61e-84,285,69.58,-1,0
NODE_2_length_8134_cov_6.182822,WP_409367318.1,55.894,263,106,1,6640,5882,1,263,7.53e-83,280,70.34,-1,0
NODE_2_length_8134_cov_6.182822,WP_333523492.1,54.340,265,111,1,6640,5876,1,265,7.68e-82,278,69.43,-1,0
NODE_2_length_8134_cov_6.182822,WP_178666967.1,53.992,263,111,1,6640,5882,1,263,1.81e-81,276,69.20,-1,0
NODE_2_length_8134_cov_6.182822,HRL86931.1,56.809,257,105,3,6640,5882,1,255,2.11e-80,273,70.43,-1,0
NODE_2_length_8134_cov_6.182822,WP_135025741.1,52.091,263,116,1,6640,5882,1,263,2.28e-77,265,68.44,-1,0
NODE_2_length_8134_cov_6.182822,WP_147780314.1,52.471,263,115,1,6640,5882,1,263,1.37e-76,263,69.20,-1,0
NODE_2_length_8134_cov_6.182822,HBI74282.1,52.692,260,113,1,6640,5891,1,260,8.09e-72,249,69.62,-1,0
NODE_2_length_8134_cov_6.182822,XOR25243.1,61.582,177,68,0,2575,2045,3,179,1.80e-68,235,80.23,-1,0
NODE_3_length_5584_cov_13759.613946,WP_449603854.1,99.610,513,2,0,3512,1974,1,513,0.0,1045,99.61,-3,0
NODE_3_length_5584_cov_13759.613946,WP_000065572.1,100.000,368,0,0,1106,3,1,368,0.0,771,100.00,-3,0
NODE_3_length_5584_cov_13759.613946,WP_000065572.1,100.000,100,0,0,5511,5212,328,427,3.92e-58,214,100.00,-2,0
NODE_3_length_5584_cov_13759.613946,WP_000065572.1,96.154,26,1,0,5505,5582,343,368,1.16e-05,57.4,100.00,3,0
NODE_3_length_5584_cov_13759.613946,QHR69593.1,66.052,542,136,3,3455,1974,3,544,0.0,717,77.12,-3,0
NODE_3_length_5584_cov_13759.613946,AAL51008.1,63.225,552,156,3,3488,1974,3,554,0.0,702,76.09,-3,0
NODE_3_length_5584_cov_13759.613946,EHF5541406.1,63.838,542,148,3,3455,1974,3,544,0.0,698,76.38,-3,0
NODE_3_length_5584_cov_13759.613946,AUG88354.1,63.206,549,155,4,3479,1974,8,556,0.0,692,75.41,-3,0
NODE_3_length_5584_cov_13759.613946,NP_040704.1,100.000,341,0,0,2996,1974,1,341,0.0,685,100.00,-3,0
NODE_3_length_5584_cov_13759.613946,EHF5541403.1,79.189,370,75,1,1106,3,1,370,0.0,624,88.38,-3,0
NODE_3_length_5584_cov_13759.613946,EHF5541403.1,69.608,102,29,1,5511,5212,328,429,8.23e-39,158,83.33,-2,0
NODE_3_length_5584_cov_13759.613946,EHF5541403.1,76.923,26,6,0,5505,5582,345,370,0.013,47.8,84.62,3,0
NODE_3_length_5584_cov_13759.613946,WP_002287882.1,99.678,311,1,0,4511,3579,18,328,0.0,593,99.68,-3,0
NODE_3_length_5584_cov_13759.613946,QEM40924.1,74.526,369,93,1,1106,3,1,369,0.0,578,82.38,-3,0
NODE_3_length_5584_cov_13759.613946,QEM40924.1,65.347,101,34,1,5511,5212,328,428,2.21e-34,145,80.20,-2,0
NODE_4_length_5116_cov_18.119468,WP_177593147.1,81.216,921,173,0,2819,57,6,926,0.0,1546,91.64,-3,0
NODE_4_length_5116_cov_18.119468,WP_314057212.1,68.404,921,289,1,2831,69,1,919,0.0,1330,84.80,-3,0
NODE_4_length_5116_cov_18.119468,WP_005095277.1,43.432,944,475,13,2810,126,12,945,0.0,789,63.56,-3,0
NODE_4_length_5116_cov_18.119468,WP_410081217.1,52.731,531,238,3,1712,126,409,928,0.0,585,71.37,-3,0
NODE_4_length_5116_cov_18.119468,WP_410081217.1,36.697,218,123,3,2825,2175,9,212,2.38e-34,151,57.80,-3,0
NODE_4_length_5116_cov_18.119468,WP_197142531.1,52.134,539,253,3,1739,126,366,900,5.35e-177,572,71.43,-3,0
NODE_4_length_5116_cov_18.119468,WP_197142531.1,41.395,215,112,2,2819,2175,14,214,1.15e-43,182,61.86,-3,0
NODE_4_length_5116_cov_18.119468,WP_197142531.1,46.032,63,34,0,1907,1719,222,284,0.001,51.6,63.49,-3,0
NODE_4_length_5116_cov_18.119468,WP_327986494.1,50.554,542,265,2,1751,126,356,894,6.28e-173,561,70.66,-3,0
NODE_4_length_5116_cov_18.119468,WP_327986494.1,40.000,215,115,2,2819,2175,11,211,5.14e-42,176,63.26,-3,0
NODE_4_length_5116_cov_18.119468,WP_327986494.1,42.857,70,38,1,1928,1719,214,281,0.002,50.8,62.86,-3,0
NODE_4_length_5116_cov_18.119468,XOS17271.1,51.056,521,244,4,1685,126,400,910,5.26e-172,560,73.51,-3,0
NODE_4_length_5116_cov_18.119468,XOS17271.1,37.168,226,127,3,2831,2157,5,216,4.34e-38,164,60.18,-3,0
NODE_4_length_5116_cov_18.119468,XOS17271.1,39.506,81,48,1,1913,1671,216,295,2.98e-04,53.5,61.73,-3,0
NODE_4_length_5116_cov_18.119468,WP_248648174.1,52.418,517,235,3,1682,132,386,891,3.26e-168,549,69.63,-3,0
NODE_4_length_5116_cov_18.119468,WP_248648174.1,37.850,214,119,3,2816,2175,12,211,3.64e-37,160,59.35,-3,0
NODE_4_length_5116_cov_18.119468,WP_248648174.1,36.782,87,50,2,1931,1686,212,298,0.021,47.4,55.17,-3,0
NODE_4_length_5116_cov_18.119468,DAN39704.1,68.012,322,103,0,1034,69,1,322,6.13e-144,466,84.16,-3,0
NODE_4_length_5116_cov_18.119468,WP_072529620.1,82.609,230,40,0,4653,3964,1,230,4.50e-114,366,92.17,-2,0
NODE_5_length_4814_cov_12.303145,WP_211810809.1,87.850,321,39,0,1093,131,1,321,0.0,592,93.46,-2,0
NODE_5_length_4814_cov_12.303145,MBP3515665.1,55.598,518,204,4,2676,1141,3,500,0.0,561,73.36,-3,0
NODE_5_length_4814_cov_12.303145,WP_031365880.1,55.152,495,197,4,2667,1183,6,475,2.81e-166,518,71.72,-3,0
NODE_5_length_4814_cov_12.303145,WP_277409692.1,53.414,498,206,5,2676,1183,4,475,3.93e-160,501,70.08,-3,0
NODE_5_length_4814_cov_12.303145,WP_236864149.1,52.987,519,216,7,2676,1135,6,501,2.76e-159,501,70.33,-3,0
NODE_5_length_4814_cov_12.303145,WP_024432677.1,52.789,502,217,6,2679,1183,3,487,1.62e-158,498,71.71,-3,0
NODE_5_length_4814_cov_12.303145,WP_065472716.1,55.876,451,177,4,2622,1279,25,456,2.28e-154,488,73.17,-3,0
NODE_5_length_4814_cov_12.303145,WP_300768392.1,56.098,451,175,4,2622,1279,25,455,3.23e-154,487,72.95,-3,0
NODE_5_length_4814_cov_12.303145,WP_021496962.1,38.400,500,276,5,2616,1132,18,490,3.23e-104,349,59.60,-3,0
NODE_5_length_4814_cov_12.303145,WP_151820684.1,31.481,324,180,3,1093,131,1,285,1.10e-42,165,50.31,-2,0
NODE_6_length_4266_cov_43.850322,WQJ51791.1,82.071,396,69,1,2048,3235,1,394,0.0,648,91.16,2,0
NODE_6_length_4266_cov_43.850322,WQJ53301.1,76.826,397,88,3,2048,3232,1,395,0.0,610,89.17,2,0
NODE_6_length_4266_cov_43.850322,WP_196039614.1,81.600,375,66,2,2048,3169,1,373,0.0,597,89.07,2,0
NODE_6_length_4266_cov_43.850322,WP_202231300.1,68.354,395,121,3,2048,3226,1,393,9.03e-175,532,82.28,2,0
NODE_6_length_4266_cov_43.850322,WP_159755605.1,67.839,398,124,4,2048,3232,1,397,2.92e-172,525,82.91,2,0
NODE_6_length_4266_cov_43.850322,WP_207236501.1,67.758,397,124,4,2048,3229,1,396,2.23e-171,523,82.12,2,0
NODE_6_length_4266_cov_43.850322,WP_017175321.1,66.919,396,128,2,2048,3232,1,394,2.18e-170,520,80.81,2,0
NODE_6_length_4266_cov_43.850322,WP_216551007.1,66.247,397,130,4,2048,3232,1,395,5.93e-170,519,83.12,2,0
NODE_6_length_4266_cov_43.850322,WP_119884329.1,66.329,395,129,3,2048,3226,1,393,2.42e-169,518,81.27,2,0
NODE_6_length_4266_cov_43.850322,WP_308794960.1,65.995,397,131,4,2048,3232,1,395,1.03e-167,513,81.11,2,0
NODE_7_length_4074_cov_7.187140,WP_349095291.1,41.578,659,274,21,1303,3150,1218,1808,2.20e-89,328,54.32,1,0
NODE_7_length_4074_cov_7.187140,WP_081281305.1,32.519,778,406,35,808,2976,1463,2176,1.07e-48,198,49.36,1,0
NODE_7_length_4074_cov_7.187140,WP_081281305.1,38.500,200,100,9,898,1467,1145,1331,5.26e-14,85.1,56.00,1,0
NODE_7_length_4074_cov_7.187140,WP_337488023.1,49.432,176,77,4,2677,3183,131,301,3.35e-38,152,68.18,1,0
NODE_7_length_4074_cov_7.187140,MBF1356961.1,54.478,134,58,1,2725,3117,14,147,2.35e-36,141,65.67,1,0
NODE_7_length_4074_cov_7.187140,WP_126940498.1,46.328,177,82,2,2767,3297,1025,1188,7.93e-36,155,63.28,1,0
NODE_7_length_4074_cov_7.187140,DAF39514.1,38.983,177,97,2,2683,3192,841,1013,3.96e-21,108,55.93,1,0
NODE_7_length_4074_cov_7.187140,DAJ52549.1,38.418,177,98,2,2683,3192,1027,1199,4.80e-20,104,55.93,1,0
NODE_7_length_4074_cov_7.187140,DAJ52549.1,54.167,48,22,0,2674,2817,139,186,0.031,46.6,58.33,1,0
NODE_7_length_4074_cov_7.187140,DAS44098.1,36.158,177,101,3,2683,3192,910,1081,7.80e-19,100,53.11,1,0
NODE_7_length_4074_cov_7.187140,WP_342685784.1,42.995,207,99,7,1087,1701,109,298,9.05e-19,99.8,61.84,1,0
NODE_7_length_4074_cov_7.187140,WP_342685784.1,44.000,100,54,2,2677,2976,556,653,2.88e-07,62.8,54.00,1,0
NODE_7_length_4074_cov_7.187140,RKW68837.1,43.646,181,83,7,2683,3192,771,943,1.95e-18,99.4,56.35,1,0
NODE_8_length_3958_cov_4.036073,WP_328023606.1,60.320,562,219,4,4,1686,669,1227,0.0,715,75.09,1,0
NODE_8_length_3958_cov_4.036073,WP_058076817.1,45.811,561,289,9,25,1683,683,1236,1.54e-155,507,64.35,1,0
NODE_8_length_3958_cov_4.036073,WP_064847086.1,62.189,201,73,3,1679,2275,1,200,1.13e-144,284,81.09,2,0
NODE_8_length_3958_cov_4.036073,WP_064847086.1,46.899,258,119,4,2337,3065,202,456,1.13e-144,258,70.16,3,0
NODE_8_length_3958_cov_4.036073,WP_305655004.1,57.339,218,89,3,1679,2323,1,217,1.46e-139,275,74.77,2,0
NODE_8_length_3958_cov_4.036073,WP_305655004.1,51.770,226,101,2,2337,2990,234,459,1.46e-139,250,71.24,3,0
NODE_8_length_3958_cov_4.036073,WP_353053169.1,48.673,113,58,0,3591,3929,2,114,3.77e-24,109,67.26,3,0
NODE_8_length_3958_cov_4.036073,WP_138410064.1,29.839,124,86,1,3585,3956,2,124,1.21e-11,73.6,54.03,3,0
NODE_8_length_3958_cov_4.036073,WP_012907546.1,52.174,46,22,0,2183,2320,54,99,1.52e-06,57.4,69.57,2,0
NODE_8_length_3958_cov_4.036073,WP_180264336.1,55.556,45,19,1,2186,2320,56,99,2.22e-05,53.9,71.11,2,0
NODE_8_length_3958_cov_4.036073,WP_258109318.1,37.647,85,51,1,1252,1506,696,778,7.49e-05,54.7,52.94,1,0
NODE_8_length_3958_cov_4.036073,WP_137762142.1,30.252,119,81,1,1150,1506,661,777,5.37e-04,52.0,44.54,1,0
NODE_9_length_3842_cov_27.242963,WPR18630.1,50.995,402,168,9,2252,3445,2,378,8.00e-116,372,63.68,2,0
NODE_9_length_3842_cov_27.242963,WOE49735.1,61.194,268,100,3,2318,3121,23,286,6.96e-105,339,75.00,2,0
NODE_9_length_3842_cov_27.242963,WOE49737.1,100.000,143,0,0,2240,2668,1,143,2.60e-92,299,100.00,2,0
NODE_9_length_3842_cov_27.242963,UOF82351.1,39.498,319,169,9,2294,3244,1,297,3.37e-57,206,56.43,2,0
NODE_9_length_3842_cov_27.242963,AXH77453.1,38.978,313,170,9,2312,3244,111,404,2.48e-52,196,56.23,2,0
NODE_9_length_3842_cov_27.242963,XII43475.1,37.338,308,176,7,2327,3244,2,294,4.45e-52,192,55.19,2,0
NODE_9_length_3842_cov_27.242963,YDF61477.1,35.583,326,182,10,2327,3277,9,315,5.34e-50,187,55.21,2,0
NODE_9_length_3842_cov_27.242963,QTE03394.1,37.152,323,179,11,2348,3292,28,334,1.26e-49,186,55.11,2,0
NODE_9_length_3842_cov_27.242963,YP_013609387.1,39.068,279,160,7,2420,3244,41,313,2.50e-49,184,58.42,2,0
NODE_9_length_3842_cov_27.242963,AXQ65795.1,36.452,310,173,9,2327,3244,2,291,3.76e-49,183,53.55,2,0
NODE_10_length_3800_cov_8.261010,WP_118444247.1,45.994,624,249,10,1942,3777,308,855,7.45e-155,493,59.78,1,0
NODE_10_length_3800_cov_8.261010,WP_118444247.1,46.746,169,80,4,1069,1560,122,285,1.65e-50,140,61.54,1,0
NODE_10_length_3800_cov_8.261010,WP_118444247.1,29.048,210,60,3,446,1075,3,123,1.65e-50,88.6,42.86,2,0
NODE_10_length_3800_cov_8.261010,WP_104845029.1,42.240,625,280,8,1942,3780,288,843,1.52e-144,465,59.68,1,0
NODE_10_length_3800_cov_8.261010,WP_104845029.1,63.208,106,38,1,1078,1395,125,229,4.88e-43,136,75.47,1,0
NODE_10_length_3800_cov_8.261010,WP_104845029.1,69.048,42,13,0,950,1075,82,123,4.88e-43,67.4,78.57,2,0
NODE_10_length_3800_cov_8.261010,WP_317942743.1,41.034,619,293,7,1939,3780,287,838,1.57e-143,462,59.13,1,0
NODE_10_length_3800_cov_8.261010,WP_317942743.1,43.617,188,82,4,1078,1629,125,292,2.25e-42,135,56.91,1,0
NODE_10_length_3800_cov_8.261010,WP_317942743.1,27.136,199,56,4,479,1075,14,123,2.25e-42,65.9,39.70,2,0
NODE_10_length_3800_cov_8.261010,WP_214891060.1,41.494,629,292,12,1918,3777,279,840,2.07e-143,462,59.94,1,0
NODE_10_length_3800_cov_8.261010,WP_214891060.1,58.491,106,43,1,1078,1395,125,229,1.58e-40,127,74.53,1,0
NODE_10_length_3800_cov_8.261010,WP_214891060.1,69.048,42,13,0,950,1075,82,123,1.58e-40,68.2,78.57,2,0
NODE_10_length_3800_cov_8.261010,MCD8287648.1,61.395,215,82,1,431,1075,1,214,2.83e-138,270,76.74,2,0
NODE_10_length_3800_cov_8.261010,MCD8287648.1,83.088,136,23,0,1078,1485,216,351,2.83e-138,250,92.65,1,0
NODE_10_length_3800_cov_8.261010,WP_298704203.1,45.000,560,246,6,1942,3591,289,796,2.07e-132,432,60.54,1,0
NODE_10_length_3800_cov_8.261010,WP_298704203.1,68.182,110,26,2,1069,1386,123,227,1.75e-49,148,74.55,1,0
NODE_10_length_3800_cov_8.261010,WP_298704203.1,75.556,45,11,0,941,1075,80,124,1.75e-49,77.0,84.44,2,0
NODE_10_length_3800_cov_8.261010,XOS27153.1,37.775,683,283,10,1933,3780,310,917,7.52e-129,425,54.03,1,0
NODE_10_length_3800_cov_8.261010,XOS27153.1,61.905,105,39,1,1069,1383,123,226,2.04e-48,142,77.14,1,0
NODE_10_length_3800_cov_8.261010,XOS27153.1,26.190,210,66,3,446,1075,4,124,2.04e-48,78.6,42.38,2,0
NODE_10_length_3800_cov_8.261010,DAA80718.1,42.393,585,270,9,1918,3531,298,862,4.08e-127,419,58.29,1,0
NODE_10_length_3800_cov_8.261010,DAA80718.1,54.110,146,60,3,1069,1485,137,282,1.90e-53,153,69.18,1,0
NODE_10_length_3800_cov_8.261010,DAA80718.1,31.100,209,69,4,449,1075,5,138,1.90e-53,85.1,42.58,2,0
NODE_10_length_3800_cov_8.261010,WP_034587995.1,39.818,658,297,12,1939,3777,304,907,1.53e-126,419,54.56,1,0
NODE_10_length_3800_cov_8.261010,WP_034587995.1,56.780,118,46,2,1030,1383,115,227,3.62e-29,133,71.19,1,0
NODE_10_length_3800_cov_8.261010,WP_034587995.1,28.095,210,62,2,446,1075,5,125,1.11e-14,87.0,41.43,2,0
NODE_10_length_3800_cov_8.261010,WP_199977965.1,39.454,659,296,12,1939,3777,304,905,2.48e-125,416,53.87,1,0
NODE_10_length_3800_cov_8.261010,WP_199977965.1,56.780,118,46,2,1030,1383,115,227,1.26e-28,132,71.19,1,0
NODE_10_length_3800_cov_8.261010,WP_199977965.1,26.667,210,65,2,446,1075,5,125,1.44e-13,83.2,40.95,2,0
NODE_11_length_3791_cov_9.902262,WP_337481063.1,73.571,420,109,1,532,1791,1,418,0.0,623,86.19,1,0
NODE_11_length_3791_cov_9.902262,MCI6078502.1,66.271,421,137,2,544,1794,3,422,0.0,573,84.56,1,0
NODE_11_length_3791_cov_9.902262,WP_288471006.1,57.882,425,172,3,532,1794,1,422,2.41e-160,492,76.24,1,0
NODE_11_length_3791_cov_9.902262,WP_337666948.1,76.066,305,73,0,2875,3789,331,635,3.94e-123,411,87.21,1,0
NODE_11_length_3791_cov_9.902262,WP_337666948.1,43.548,62,34,1,1933,2118,1,61,0.008,48.1,64.52,1,0
NODE_11_length_3791_cov_9.902262,MDY4536635.1,65.947,417,126,5,2584,3789,200,615,1.09e-118,399,78.18,1,0
NODE_11_length_3791_cov_9.902262,WP_287346607.1,72.165,291,76,4,2881,3741,334,623,1.62e-109,374,86.25,1,0
NODE_11_length_3791_cov_9.902262,DAW53017.1,54.878,246,111,0,565,1302,6,251,1.47e-79,268,78.05,1,0
NODE_11_length_3791_cov_9.902262,WP_188472834.1,55.645,248,106,2,3055,3789,318,564,1.24e-67,253,72.98,1,0
NODE_11_length_3791_cov_9.902262,HJI82020.1,49.658,292,135,3,2947,3789,171,461,4.95e-66,246,68.49,1,0
NODE_11_length_3791_cov_9.902262,WP_237256493.1,37.037,351,218,1,601,1644,16,366,5.69e-65,236,57.55,1,0
NODE_12_length_3766_cov_9.195446,WP_321438898.1,79.979,949,177,4,2903,63,1,938,0.0,1564,88.83,-3,0
NODE_12_length_3766_cov_9.195446,WP_034642625.1,53.799,974,375,10,2873,63,5,940,0.0,1031,69.40,-3,0
NODE_12_length_3766_cov_9.195446,WP_271632246.1,52.758,961,402,8,2888,63,15,942,0.0,1021,70.03,-3,0
NODE_12_length_3766_cov_9.195446,WP_305848855.1,52.984,955,389,11,2873,63,5,917,0.0,1006,69.63,-3,0
NODE_12_length_3766_cov_9.195446,WP_052084478.1,50.758,989,397,12,2873,63,4,954,0.0,976,66.33,-3,0
NODE_12_length_3766_cov_9.195446,WP_252762139.1,50.051,975,410,12,2873,63,6,941,0.0,932,66.05,-3,0
NODE_12_length_3766_cov_9.195446,DAY32471.1,52.174,759,332,8,2300,63,1,741,0.0,780,69.43,-3,0
NODE_12_length_3766_cov_9.195446,WP_348681697.1,49.741,772,363,8,2345,63,127,884,0.0,741,67.49,-3,0
NODE_12_length_3766_cov_9.195446,WP_402891053.1,57.380,603,225,6,2873,1077,5,579,0.0,707,72.14,-3,0
NODE_12_length_3766_cov_9.195446,WP_402891053.1,50.599,334,155,2,1064,63,646,969,5.79e-96,341,70.66,-3,0
NODE_12_length_3766_cov_9.195446,MBQ2607470.1,45.994,624,275,7,1778,63,1,614,6.21e-176,549,62.98,-3,0
NODE_13_length_3721_cov_21.062843,WP_242319777.1,71.910,445,125,0,3,1337,247,691,0.0,692,84.72,3,0
NODE_13_length_3721_cov_21.062843,WP_242319777.1,35.862,145,84,5,1391,1813,1,140,7.91e-10,70.9,50.34,2,0
NODE_13_length_3721_cov_21.062843,WP_068986549.1,68.315,445,141,0,3,1337,247,691,0.0,655,83.37,3,0
NODE_13_length_3721_cov_21.062843,WP_068986549.1,37.209,129,76,3,1430,1807,12,138,3.54e-10,72.0,51.16,2,0
NODE_13_length_3721_cov_21.062843,XOS17263.1,68.326,442,140,0,3,1328,246,687,0.0,622,79.41,3,0
NODE_13_length_3721_cov_21.062843,XOS17263.1,30.345,145,96,3,1430,1855,11,153,1.16e-06,60.5,48.28,2,0
NODE_13_length_3721_cov_21.062843,WP_111896029.1,60.314,446,172,3,6,1328,256,701,0.0,558,79.60,3,0
NODE_13_length_3721_cov_21.062843,WP_129718697.1,58.108,444,184,2,6,1334,252,694,4.90e-176,542,74.77,3,0
NODE_13_length_3721_cov_21.062843,WP_129718697.1,32.824,131,77,3,1430,1801,12,138,1.19e-06,60.5,46.56,2,0
NODE_13_length_3721_cov_21.062843,WP_349190874.1,53.571,448,204,2,21,1352,258,705,1.96e-161,504,72.77,3,0
NODE_13_length_3721_cov_21.062843,WP_349190874.1,31.507,146,88,6,1391,1807,1,141,0.028,46.2,47.26,2,0
NODE_13_length_3721_cov_21.062843,CAB4196865.1,50.345,435,215,1,9,1313,257,690,1.39e-145,462,70.34,3,0
NODE_13_length_3721_cov_21.062843,CAB4196865.1,34.815,135,79,4,1430,1813,13,145,4.93e-09,68.2,54.07,2,0
NODE_13_length_3721_cov_21.062843,WP_226392440.1,78.378,259,51,1,1391,2152,1,259,5.06e-133,418,88.42,2,0
NODE_13_length_3721_cov_21.062843,WP_226392440.1,79.878,164,33,0,2255,2746,235,398,4.95e-81,278,90.24,2,0
NODE_13_length_3721_cov_21.062843,CAG7581106.1,46.292,445,226,4,9,1319,251,690,5.15e-128,416,66.29,3,0
NODE_13_length_3721_cov_21.062843,CAG7581106.1,30.000,180,109,7,1391,1912,1,169,1.28e-07,63.5,46.67,2,0
NODE_13_length_3721_cov_21.062843,WP_074401984.1,77.419,248,56,0,1391,2134,1,248,8.77e-126,399,87.90,2,0
NODE_13_length_3721_cov_21.062843,WP_074401984.1,72.121,165,46,0,2255,2749,230,394,4.90e-72,252,84.24,2,0
NODE_14_length_3711_cov_8.323335,WP_296330929.1,55.556,1179,501,12,139,3663,8,1167,0.0,1331,72.01,1,0
NODE_14_length_3711_cov_8.323335,WP_294852238.1,53.065,1191,530,13,121,3666,3,1173,0.0,1276,68.77,1,0
NODE_14_length_3711_cov_8.323335,WP_172617293.1,52.538,1182,541,12,121,3651,16,1182,0.0,1265,69.29,1,0
NODE_14_length_3711_cov_8.323335,WP_216469559.1,54.163,1189,514,13,121,3639,3,1176,0.0,1261,68.29,1,0
NODE_14_length_3711_cov_8.323335,MBO5378082.1,55.360,1194,494,19,109,3648,1,1169,0.0,1260,69.26,1,0
NODE_14_length_3711_cov_8.323335,WP_250941519.1,53.217,1150,523,9,121,3558,3,1141,0.0,1256,71.13,1,0
NODE_14_length_3711_cov_8.323335,WP_033119593.1,52.961,1216,514,16,121,3651,3,1199,0.0,1241,66.86,1,0
NODE_14_length_3711_cov_8.323335,WP_288596451.1,50.380,1183,557,15,133,3651,4,1166,0.0,1178,67.96,1,0
NODE_14_length_3711_cov_8.323335,WP_248214432.1,47.168,1183,583,17,133,3636,3,1158,0.0,1071,64.24,1,0
NODE_14_length_3711_cov_8.323335,MDY5242727.1,51.880,532,226,12,2017,3603,16,520,6.59e-164,505,66.73,1,0
NODE_15_length_3618_cov_6.273652,MAF91142.1,42.387,486,244,6,153,1601,20,472,8.10e-113,368,58.44,3,0
NODE_15_length_3618_cov_6.273652,XOF03587.1,41.649,485,243,7,183,1616,39,490,3.23e-104,345,57.32,3,0
NODE_15_length_3618_cov_6.273652,WP_347288598.1,42.029,483,240,8,174,1607,19,466,1.16e-102,340,57.35,3,0
NODE_15_length_3618_cov_6.273652,DAP98650.1,41.127,479,242,8,174,1595,19,462,4.71e-97,325,58.04,3,0
NODE_15_length_3618_cov_6.273652,QOR55454.1,38.821,492,254,9,165,1601,33,490,2.25e-88,302,54.07,3,0
NODE_15_length_3618_cov_6.273652,DAE29424.1,38.494,478,258,7,177,1604,33,476,2.49e-87,298,52.93,3,0
NODE_15_length_3618_cov_6.273652,QDP58351.1,38.312,462,241,10,177,1475,41,487,6.40e-84,290,55.41,3,0
NODE_15_length_3618_cov_6.273652,DAG88517.1,34.180,512,295,8,108,1619,5,482,2.13e-80,279,51.95,3,0
NODE_15_length_3618_cov_6.273652,DAG81914.1,35.258,485,274,11,174,1616,33,481,4.50e-75,265,50.52,3,0
NODE_15_length_3618_cov_6.273652,DAH80680.1,34.227,485,280,11,174,1616,33,482,5.83e-72,256,50.10,3,0
NODE_16_length_3609_cov_10.854190,WP_295424756.1,80.882,408,75,2,1256,39,1,407,0.0,664,89.71,-2,0
NODE_16_length_3609_cov_10.854190,WQJ54473.1,55.637,408,164,5,1250,57,25,425,1.73e-142,444,73.04,-2,0
NODE_16_length_3609_cov_10.854190,WP_041346513.1,56.136,383,160,2,1250,105,9,384,8.17e-141,439,76.24,-2,0
NODE_16_length_3609_cov_10.854190,WP_375842166.1,56.545,382,159,1,1250,105,10,384,1.70e-140,438,73.82,-2,0
NODE_16_length_3609_cov_10.854190,WP_002544393.1,56.298,389,155,4,1244,105,12,394,3.89e-139,434,75.84,-2,0
NODE_16_length_3609_cov_10.854190,MBP8619318.1,56.589,387,159,4,1241,102,15,399,1.29e-137,430,74.68,-2,0
NODE_16_length_3609_cov_10.854190,WP_190997954.1,55.471,393,167,2,1244,69,12,397,3.66e-137,429,74.30,-2,0
NODE_16_length_3609_cov_10.854190,CDA30844.1,53.634,399,177,4,1244,63,11,406,9.24e-137,429,75.94,-2,0
NODE_16_length_3609_cov_10.854190,WP_269762599.1,55.416,397,165,6,1244,69,11,400,9.65e-137,428,73.80,-2,0
NODE_16_length_3609_cov_10.854190,WP_239242837.1,53.553,394,174,3,1244,66,11,396,3.16e-136,426,71.57,-2,0
NODE_17_length_3494_cov_18.371964,DAF34313.1,57.009,107,45,1,1161,1481,1,106,2.18e-25,108,60.75,3,0
NODE_17_length_3494_cov_18.371964,DAF34313.1,57.009,107,45,1,2334,2014,1,106,2.18e-25,108,60.75,-3,0
NODE_17_length_3494_cov_18.371964,XHA87591.1,70.588,68,18,1,46,249,141,206,5.52e-17,87.8,76.47,1,0
NODE_17_length_3494_cov_18.371964,XHA87591.1,70.588,68,18,1,3449,3246,141,206,5.52e-17,87.8,76.47,-1,0
NODE_17_length_3494_cov_18.371964,XHA87591.1,80.000,15,3,0,2,46,125,139,5.52e-17,28.1,86.67,2,0
NODE_17_length_3494_cov_18.371964,XHA87591.1,80.000,15,3,0,3493,3449,125,139,5.52e-17,28.1,86.67,-2,0
NODE_17_length_3494_cov_18.371964,XHB07407.1,59.420,69,28,0,2528,2734,1,69,6.04e-14,74.3,68.12,2,0
NODE_17_length_3494_cov_18.371964,XHB07407.1,59.420,69,28,0,967,761,1,69,6.04e-14,74.3,68.12,-2,0
NODE_17_length_3494_cov_18.371964,EEI46427.1,80.488,41,8,0,2431,2553,1,41,2.22e-13,72.0,92.68,1,0
NODE_17_length_3494_cov_18.371964,EEI46427.1,80.488,41,8,0,1064,942,1,41,2.22e-13,72.0,92.68,-1,0
NODE_17_length_3494_cov_18.371964,XOR66292.1,71.154,52,15,0,2893,3048,1,52,9.54e-12,67.8,75.00,1,0
NODE_17_length_3494_cov_18.371964,XOR66292.1,71.154,52,15,0,602,447,1,52,9.54e-12,67.8,75.00,-1,0
NODE_17_length_3494_cov_18.371964,YAD80634.1,50.602,83,39,1,1506,1754,63,143,6.13e-11,68.6,55.42,3,0
NODE_17_length_3494_cov_18.371964,UZH25335.1,60.938,64,25,0,963,1154,507,570,7.83e-11,73.9,68.75,3,0
NODE_17_length_3494_cov_18.371964,UZH25335.1,60.938,64,25,0,2532,2341,507,570,7.83e-11,73.9,68.75,-3,0
NODE_17_length_3494_cov_18.371964,DAO47502.1,40.136,147,67,5,1386,1775,1,143,6.92e-09,62.8,46.26,3,0
NODE_17_length_3494_cov_18.371964,DAO47502.1,37.692,130,60,5,2109,1771,1,126,0.006,45.4,43.85,-3,0
NODE_17_length_3494_cov_18.371964,XOR66293.1,71.429,35,10,0,2630,2734,2,36,1.25e-06,52.8,80.00,2,0
NODE_17_length_3494_cov_18.371964,XOR66293.1,71.429,35,10,0,865,761,2,36,1.25e-06,52.8,80.00,-2,0
NODE_17_length_3494_cov_18.371964,WZH59261.1,34.043,141,70,3,2147,1773,619,752,2.43e-05,56.2,45.39,-1,0
NODE_17_length_3494_cov_18.371964,WZH59261.1,33.113,151,75,4,1318,1722,612,752,9.75e-05,54.3,45.03,1,0
NODE_18_length_3476_cov_26.720800,WP_312524144.1,77.727,220,48,1,2341,1682,1,219,9.34e-99,318,87.73,-2,0
NODE_18_length_3476_cov_26.720800,WP_054767905.1,62.162,222,79,1,2341,1676,1,217,1.46e-76,258,79.28,-2,0
NODE_18_length_3476_cov_26.720800,MBN2914354.1,62.500,224,80,3,2341,1679,1,223,1.80e-76,258,78.57,-2,0
NODE_18_length_3476_cov_26.720800,WP_228353868.1,64.423,208,74,0,2341,1718,1,208,7.21e-76,256,80.77,-2,0
NODE_18_length_3476_cov_26.720800,WP_091748121.1,82.237,152,20,1,1673,1239,1,152,2.05e-75,252,88.82,-1,0
NODE_18_length_3476_cov_26.720800,WP_216469605.1,64.423,208,73,1,2341,1721,1,208,3.89e-74,253,78.85,-2,0
NODE_18_length_3476_cov_26.720800,WP_155224590.1,60.096,208,83,0,2341,1718,1,208,1.97e-73,249,81.73,-2,0
NODE_18_length_3476_cov_26.720800,XOS53033.1,61.538,208,79,1,2341,1721,1,208,1.65e-71,245,81.25,-2,0
NODE_18_length_3476_cov_26.720800,WP_294904986.1,58.590,227,88,3,2341,1679,1,227,8.67e-71,242,77.53,-2,0
NODE_18_length_3476_cov_26.720800,MFR1869527.1,58.796,216,85,2,2341,1706,1,216,2.28e-69,238,78.24,-2,0
NODE_19_length_3468_cov_6.434257,XYN29397.1,39.294,453,243,10,1296,1,982,1423,1.27e-125,255,52.76,-1,0
NODE_19_length_3468_cov_6.434257,XYN29397.1,33.737,495,300,11,2726,1311,487,976,1.27e-125,223,50.30,-2,0
NODE_19_length_3468_cov_6.434257,XYN28663.1,37.989,179,103,2,525,1,1182,1356,3.21e-23,114,60.34,-1,0
NODE_19_length_3468_cov_6.434257,XYN47654.1,39.091,110,67,0,495,166,1410,1519,6.99e-15,87.8,58.18,-1,0
NODE_19_length_3468_cov_6.434257,XYN29695.1,33.333,141,88,1,570,166,1480,1620,8.76e-12,77.4,51.77,-1,0
NODE_19_length_3468_cov_6.434257,XYN39227.1,31.818,110,75,0,495,166,1510,1619,7.57e-11,74.3,58.18,-1,0
NODE_19_length_3468_cov_6.434257,XYN93210.1,30.534,131,79,2,522,166,1530,1660,5.21e-09,68.6,50.38,-1,0
NODE_19_length_3468_cov_6.434257,XYN29354.1,36.486,74,45,1,381,166,1348,1421,1.81e-04,53.5,59.46,-1,0
NODE_20_length_3346_cov_4.914653,WP_217954433.1,52.044,367,155,5,1066,8,1,360,6.95e-92,306,70.84,-1,0
NODE_20_length_3346_cov_4.914653,WP_147637752.1,52.174,368,153,7,1066,8,1,360,1.24e-90,303,72.55,-1,0
NODE_20_length_3346_cov_4.914653,WP_000218543.1,36.364,484,282,13,2526,1123,5,478,4.93e-78,271,52.48,-2,0
NODE_20_length_3346_cov_4.914653,KJS44892.1,37.423,489,273,13,2541,1120,3,473,3.75e-76,266,50.92,-2,0
NODE_20_length_3346_cov_4.914653,WP_312762240.1,35.976,492,278,13,2544,1117,3,473,5.67e-76,266,51.63,-2,0
NODE_20_length_3346_cov_4.914653,WP_119413636.1,37.678,491,269,14,2544,1123,8,478,5.36e-74,260,50.92,-2,0
NODE_20_length_3346_cov_4.914653,WP_193626888.1,33.474,475,300,7,2544,1144,1,467,8.43e-70,248,52.21,-2,0
NODE_20_length_3346_cov_4.914653,WP_104993035.1,32.960,446,283,7,2457,1144,30,467,8.01e-61,223,50.90,-2,0
NODE_20_length_3346_cov_4.914653,DAP42062.1,30.769,442,263,10,2361,1165,2,443,6.05e-56,208,48.19,-2,0
NODE_20_length_3346_cov_4.914653,XOR87391.1,37.126,334,194,7,2091,1117,13,339,5.54e-55,202,52.69,-2,0
NODE_21_length_3341_cov_35.065870,XHS97065.1,99.205,503,3,1,1690,3198,1,502,0.0,984,99.60,1,0
NODE_21_length_3341_cov_35.065870,XHS97066.1,99.742,388,1,0,505,1668,1,388,0.0,815,100.00,1,0
NODE_21_length_3341_cov_35.065870,XNT21000.1,68.063,382,122,0,523,1668,6,387,0.0,572,82.98,1,0
NODE_21_length_3341_cov_35.065870,YDF61645.1,59.416,377,152,1,523,1650,8,384,2.97e-163,494,77.72,1,0
NODE_21_length_3341_cov_35.065870,XHS97076.1,58.612,389,159,1,508,1668,6,394,3.22e-163,494,76.35,1,0
NODE_21_length_3341_cov_35.065870,XNT20748.1,58.961,385,156,2,517,1665,2,386,2.18e-159,484,75.06,1,0
NODE_21_length_3341_cov_35.065870,UQB76440.1,57.364,387,165,0,505,1665,1,387,9.46e-158,479,75.45,1,0
NODE_21_length_3341_cov_35.065870,QKK82953.1,55.928,388,170,1,508,1668,4,391,1.95e-155,473,73.45,1,0
NODE_21_length_3341_cov_35.065870,XTK59577.1,57.963,383,160,1,520,1665,10,392,1.81e-154,471,76.50,1,0
NODE_21_length_3341_cov_35.065870,QTE03706.1,57.881,387,160,2,508,1665,4,388,4.23e-154,470,76.23,1,0
NODE_22_length_3172_cov_5.137964,WP_299099711.1,35.515,1039,514,24,3169,164,111,1030,2.93e-168,528,51.49,-1,0
NODE_22_length_3172_cov_5.137964,WP_369871405.1,32.370,1038,545,26,3169,164,119,1035,2.92e-140,454,49.33,-1,0
NODE_22_length_3172_cov_5.137964,WP_349913042.1,32.412,904,469,28,2791,164,1,790,9.85e-113,374,48.67,-1,0
NODE_22_length_3172_cov_5.137964,WP_217723281.1,30.329,1032,568,29,3172,164,192,1101,4.74e-107,366,47.29,-1,0
NODE_22_length_3172_cov_5.137964,WP_346987862.1,32.400,750,393,17,3169,965,100,750,8.30e-90,311,48.13,-1,0
NODE_22_length_3172_cov_5.137964,WP_410518775.1,28.160,1076,627,36,3169,164,123,1126,1.69e-83,301,46.38,-1,0
NODE_22_length_3172_cov_5.137964,WP_308756168.1,27.824,1071,637,32,3169,164,124,1127,1.22e-82,298,46.03,-1,0
NODE_22_length_3172_cov_5.137964,EIY27571.1,43.500,200,105,2,3169,2573,120,312,2.05e-41,161,66.50,-1,0
NODE_22_length_3172_cov_5.137964,DAN47882.1,31.926,379,227,10,3169,2078,112,474,5.34e-41,165,52.24,-1,0
NODE_22_length_3172_cov_5.137964,DAJ90270.1,30.728,371,216,7,3172,2111,41,387,7.53e-37,155,50.67,-1,0
NODE_23_length_3129_cov_6.226737,WP_096516242.1,56.064,437,185,6,3126,1825,92,524,7.65e-163,496,74.83,-1,0
NODE_23_length_3129_cov_6.226737,WP_103227973.1,52.027,444,209,3,3126,1798,92,532,2.06e-158,485,72.97,-1,0
NODE_23_length_3129_cov_6.226737,WP_277584371.1,54.110,438,193,6,3126,1825,92,525,9.16e-158,483,74.20,-1,0
NODE_23_length_3129_cov_6.226737,WP_277584371.1,31.373,102,70,0,2100,1795,150,251,6.12e-08,63.9,55.88,-1,0
NODE_23_length_3129_cov_6.226737,WP_022229321.1,53.968,441,193,5,3126,1825,92,529,5.96e-155,476,73.92,-1,0
NODE_23_length_3129_cov_6.226737,WP_022229321.1,29.787,94,66,0,2082,1801,156,249,2.90e-07,62.0,58.51,-1,0
NODE_23_length_3129_cov_6.226737,WP_079526783.1,54.110,438,193,6,3126,1825,92,525,8.60e-154,473,73.97,-1,0
NODE_23_length_3129_cov_6.226737,MFR6065022.1,50.917,436,209,4,3126,1825,92,524,5.76e-145,450,69.95,-1,0
NODE_23_length_3129_cov_6.226737,WP_212543147.1,40.632,443,252,4,3126,1810,92,527,3.72e-112,363,63.88,-1,0
NODE_23_length_3129_cov_6.226737,WP_181111931.1,40.774,439,257,2,3126,1810,92,527,4.05e-112,363,63.10,-1,0
NODE_23_length_3129_cov_6.226737,WP_401383150.1,41.002,439,255,3,3126,1810,14,448,2.06e-110,356,62.41,-1,0
NODE_23_length_3129_cov_6.226737,WP_128867564.1,40.498,442,258,3,3126,1807,92,530,7.23e-110,357,64.03,-1,0


